,timestamp,location,FullName,price
184,2014-01-07 13:25:00,Abila Zacharo,Ada Campo-Corrente,82.25
576,2014-01-10 13:29:00,Abila Zacharo,Ada Campo-Corrente,113.33
441,2014-01-09 13:23:00,Gelatogalore,Ada Campo-Corrente,8.6
1056,2014-01-15 13:24:00,Hippokampos,Ada Campo-Corrente,13.0
1185,2014-01-16 13:26:00,Hippokampos,Ada Campo-Corrente,36.17
39,2014-01-06 12:00:00,Jack's Magical Beans,Ada Campo-Corrente,11.03
165,2014-01-07 12:00:00,Jack's Magical Beans,Ada Campo-Corrente,23.68
298,2014-01-08 12:00:00,Jack's Magical Beans,Ada Campo-Corrente,3.96
423,2014-01-09 12:00:00,Jack's Magical Beans,Ada Campo-Corrente,10.11
559,2014-01-10 12:00:00,Jack's Magical Beans,Ada Campo-Corrente,15.69
789,2014-01-13 12:00:00,Jack's Magical Beans,Ada Campo-Corrente,18.31
1037,2014-01-15 12:00:00,Jack's Magical Beans,Ada Campo-Corrente,11.15
1166,2014-01-16 12:00:00,Jack's Magical Beans,Ada Campo-Corrente,9.12
1293,2014-01-17 12:00:00,Jack's Magical Beans,Ada Campo-Corrente,7.57
71,2014-01-06 13:46:00,Katerina’s Café,Ada Campo-Corrente,18.56
319,2014-01-08 13:28:00,Katerina’s Café,Ada Campo-Corrente,8.53
814,2014-01-13 13:34:00,Katerina’s Café,Ada Campo-Corrente,26.15
902,2014-01-14 08:20:00,Kronos Mart,Ada Campo-Corrente,58.85
385,2014-01-08 21:17:00,Ouzeri Elian,Ada Campo-Corrente,29.85
490,2014-01-09 19:42:00,Ouzeri Elian,Ada Campo-Corrente,27.08
611,2014-01-10 18:52:00,Ouzeri Elian,Ada Campo-Corrente,19.92
665,2014-01-11 19:21:00,Ouzeri Elian,Ada Campo-Corrente,69.36
740,2014-01-12 19:59:00,Ouzeri Elian,Ada Campo-Corrente,55.55
944,2014-01-14 13:41:00,Ouzeri Elian,Ada Campo-Corrente,79.58
985,2014-01-14 20:32:00,Ouzeri Elian,Ada Campo-Corrente,11.86
1115,2014-01-15 20:29:00,Ouzeri Elian,Ada Campo-Corrente,23.18
1238,2014-01-16 20:25:00,Ouzeri Elian,Ada Campo-Corrente,23.89
1341,2014-01-17 19:40:00,Ouzeri Elian,Ada Campo-Corrente,38.6
1410,2014-01-18 19:21:00,Ouzeri Elian,Ada Campo-Corrente,57.63
1474,2014-01-19 19:48:00,Ouzeri Elian,Ada Campo-Corrente,67.98
739,2014-01-12 19:58:00,Albert's Fine Clothing,Adra Nubarron,63.36
41,2014-01-06 12:00:00,Bean There Done That,Adra Nubarron,8.54
168,2014-01-07 12:00:00,Bean There Done That,Adra Nubarron,53.89
300,2014-01-08 12:00:00,Bean There Done That,Adra Nubarron,8.06
426,2014-01-09 12:00:00,Bean There Done That,Adra Nubarron,4.06
561,2014-01-10 12:00:00,Bean There Done That,Adra Nubarron,13.41
791,2014-01-13 12:00:00,Bean There Done That,Adra Nubarron,19.56
913,2014-01-14 12:00:00,Bean There Done That,Adra Nubarron,14.56
1039,2014-01-15 12:00:00,Bean There Done That,Adra Nubarron,93.13
1168,2014-01-16 12:00:00,Bean There Done That,Adra Nubarron,5.56
1295,2014-01-17 12:00:00,Bean There Done That,Adra Nubarron,19.56
1401,2014-01-18 15:51:00,Frydos Autosupply n' More,Adra Nubarron,103.55
950,2014-01-14 13:49:00,Gelatogalore,Adra Nubarron,70.98
1217,2014-01-16 14:05:00,Guy's Gyros,Adra Nubarron,32.8
82,2014-01-06 13:57:00,Hippokampos,Adra Nubarron,8.64
114,2014-01-06 20:36:00,Hippokampos,Adra Nubarron,26.8
227,2014-01-07 20:01:00,Hippokampos,Adra Nubarron,20.17
497,2014-01-09 20:15:00,Hippokampos,Adra Nubarron,70.68
672,2014-01-11 19:33:00,Hippokampos,Adra Nubarron,11.13
1068,2014-01-15 13:42:00,Hippokampos,Adra Nubarron,32.4
1113,2014-01-15 20:24:00,Hippokampos,Adra Nubarron,16.37
1331,2014-01-17 13:58:00,Hippokampos,Adra Nubarron,21.81
1377,2014-01-18 13:21:00,Hippokampos,Adra Nubarron,100.11
1439,2014-01-18 20:23:00,Hippokampos,Adra Nubarron,29.21
201,2014-01-07 13:45:00,Kalami Kafenion,Adra Nubarron,22.83
337,2014-01-08 13:47:00,Katerina’s Café,Adra Nubarron,27.05
473,2014-01-09 14:06:00,Katerina’s Café,Adra Nubarron,8.01
594,2014-01-10 13:50:00,Ouzeri Elian,Adra Nubarron,15.25
836,2014-01-13 14:06:00,Ouzeri Elian,Adra Nubarron,29.75
1250,2014-01-16 20:45:00,Shoppers' Delight,Adra Nubarron,160.69
962,2014-01-14 14:03:00,Abila Zacharo,Axel Calzas,24.87
122,2014-01-06 21:03:00,Albert's Fine Clothing,Axel Calzas,121.76
659,2014-01-11 16:01:00,Albert's Fine Clothing,Axel Calzas,211.47
23,2014-01-06 08:06:00,Brew've Been Served,Axel Calzas,15.58
142,2014-01-07 07:52:00,Brew've Been Served,Axel Calzas,3.0
287,2014-01-08 08:18:00,Brew've Been Served,Axel Calzas,6.3
406,2014-01-09 08:00:00,Brew've Been Served,Axel Calzas,6.21
549,2014-01-10 08:17:00,Brew've Been Served,Axel Calzas,12.64
774,2014-01-13 08:04:00,Brew've Been Served,Axel Calzas,16.05
1023,2014-01-15 08:01:00,Brew've Been Served,Axel Calzas,49.7
1152,2014-01-16 08:09:00,Brew've Been Served,Axel Calzas,17.44
1282,2014-01-17 08:13:00,Coffee Cameleon,Axel Calzas,14.99
986,2014-01-14 20:33:00,Frydos Autosupply n' More,Axel Calzas,42.72
1220,2014-01-16 17:07:00,Gelatogalore,Axel Calzas,10.62
634,2014-01-10 21:28:00,General Grocer,Axel Calzas,227.28
346,2014-01-08 13:57:00,Guy's Gyros,Axel Calzas,10.34
359,2014-01-08 19:48:00,Guy's Gyros,Axel Calzas,30.48
514,2014-01-09 21:09:00,Guy's Gyros,Axel Calzas,31.31
1098,2014-01-15 19:55:00,Guy's Gyros,Axel Calzas,31.04
1367,2014-01-17 21:07:00,Guy's Gyros,Axel Calzas,55.4
1488,2014-01-19 20:30:00,Guy's Gyros,Axel Calzas,31.94
468,2014-01-09 13:56:00,Hippokampos,Axel Calzas,65.7
642,2014-01-11 13:36:00,Hippokampos,Axel Calzas,103.38
802,2014-01-13 12:27:00,Hippokampos,Axel Calzas,17.17
1084,2014-01-15 14:02:00,Hippokampos,Axel Calzas,118.23
78,2014-01-06 13:52:00,Kalami Kafenion,Axel Calzas,22.31
596,2014-01-10 13:53:00,Kalami Kafenion,Axel Calzas,24.3
214,2014-01-07 14:07:00,Katerina’s Café,Axel Calzas,10.9
1327,2014-01-17 13:53:00,Katerina’s Café,Axel Calzas,35.52
1416,2014-01-18 19:32:00,Katerina’s Café,Axel Calzas,33.41
1453,2014-01-19 13:53:00,Katerina’s Café,Axel Calzas,26.76
1241,2014-01-16 20:25:00,Roberts and Sons,Axel Calzas,155.76
1080,2014-01-15 13:58:00,Abila Zacharo,Bertrand Ovan,33.8
1188,2014-01-16 13:27:00,Abila Zacharo,Bertrand Ovan,31.31
757,2014-01-13 07:40:00,Coffee Cameleon,Bertrand Ovan,19.93
877,2014-01-14 07:37:00,Coffee Cameleon,Bertrand Ovan,9.8
1013,2014-01-15 07:51:00,Coffee Cameleon,Bertrand Ovan,14.47
1131,2014-01-16 07:38:00,Coffee Cameleon,Bertrand Ovan,67.19
1262,2014-01-17 07:38:00,Coffee Cameleon,Bertrand Ovan,10.27
1397,2014-01-18 15:31:00,General Grocer,Bertrand Ovan,477.6
743,2014-01-12 20:11:00,Katerina’s Café,Bertrand Ovan,67.14
830,2014-01-13 13:52:00,Katerina’s Café,Bertrand Ovan,29.55
845,2014-01-13 19:50:00,Katerina’s Café,Bertrand Ovan,89.83
945,2014-01-14 13:41:00,Katerina’s Café,Bertrand Ovan,75.46
978,2014-01-14 20:17:00,Katerina’s Café,Bertrand Ovan,36.95
1125,2014-01-15 21:21:00,Katerina’s Café,Bertrand Ovan,27.48
1228,2014-01-16 19:47:00,Katerina’s Café,Bertrand Ovan,34.34
1318,2014-01-17 13:42:00,Katerina’s Café,Bertrand Ovan,21.01
1428,2014-01-18 19:53:00,Katerina’s Café,Bertrand Ovan,76.1
1464,2014-01-19 18:54:00,Katerina’s Café,Bertrand Ovan,72.25
1384,2014-01-18 13:34:00,Ouzeri Elian,Bertrand Ovan,25.75
722,2014-01-12 16:08:00,Shoppers' Delight,Bertrand Ovan,51.5
690,2014-01-11 20:22:00,Frydos Autosupply n' More,Birgitta Frente,236.25
844,2014-01-13 19:41:00,Frydos Autosupply n' More,Birgitta Frente,188.57
961,2014-01-14 14:03:00,Gelatogalore,Birgitta Frente,102.03
657,2014-01-11 15:31:00,General Grocer,Birgitta Frente,78.02
597,2014-01-10 13:57:00,Guy's Gyros,Birgitta Frente,16.34
716,2014-01-12 14:16:00,Guy's Gyros,Birgitta Frente,30.47
839,2014-01-13 14:33:00,Guy's Gyros,Birgitta Frente,116.87
9,2014-01-06 07:47:00,Hallowed Grounds,Birgitta Frente,16.53
132,2014-01-07 07:37:00,Hallowed Grounds,Birgitta Frente,8.91
262,2014-01-08 07:40:00,Hallowed Grounds,Birgitta Frente,5.85
393,2014-01-09 07:46:00,Hallowed Grounds,Birgitta Frente,75.24
520,2014-01-10 07:34:00,Hallowed Grounds,Birgitta Frente,16.75
880,2014-01-14 07:44:00,Hallowed Grounds,Birgitta Frente,16.67
1005,2014-01-15 07:39:00,Hallowed Grounds,Birgitta Frente,5.95
1135,2014-01-16 07:45:00,Hallowed Grounds,Birgitta Frente,17.92
1264,2014-01-17 07:41:00,Hallowed Grounds,Birgitta Frente,10.52
217,2014-01-07 14:11:00,Hippokampos,Birgitta Frente,37.57
89,2014-01-06 14:15:00,Kalami Kafenion,Birgitta Frente,27.4
351,2014-01-08 14:19:00,Kalami Kafenion,Birgitta Frente,31.43
471,2014-01-09 14:04:00,Kalami Kafenion,Birgitta Frente,10.94
95,2014-01-06 19:08:00,Katerina’s Café,Birgitta Frente,26.46
486,2014-01-09 19:25:00,Katerina’s Café,Birgitta Frente,35.92
615,2014-01-10 19:50:00,Katerina’s Café,Birgitta Frente,19.57
741,2014-01-12 20:04:00,Katerina’s Café,Birgitta Frente,39.3
975,2014-01-14 20:15:00,Katerina’s Café,Birgitta Frente,27.67
1100,2014-01-15 19:59:00,Katerina’s Café,Birgitta Frente,25.08
1231,2014-01-16 20:09:00,Katerina’s Café,Birgitta Frente,18.79
1345,2014-01-17 19:57:00,Katerina’s Café,Birgitta Frente,34.93
1408,2014-01-18 19:17:00,Katerina’s Café,Birgitta Frente,21.63
645,2014-01-11 13:40:00,Ouzeri Elian,Birgitta Frente,19.11
1077,2014-01-15 13:51:00,Ouzeri Elian,Birgitta Frente,26.61
1337,2014-01-17 14:32:00,Ouzeri Elian,Birgitta Frente,26.1
807,2014-01-13 13:20:00,Abila Zacharo,Brand Tempestad,79.95
941,2014-01-14 13:38:00,Abila Zacharo,Brand Tempestad,8.41
2,2014-01-06 07:35:00,Brew've Been Served,Brand Tempestad,8.33
134,2014-01-07 07:45:00,Brew've Been Served,Brand Tempestad,19.6
267,2014-01-08 07:48:00,Brew've Been Served,Brand Tempestad,8.27
521,2014-01-10 07:35:00,Brew've Been Served,Brand Tempestad,15.85
760,2014-01-13 07:43:00,Brew've Been Served,Brand Tempestad,24.18
890,2014-01-14 07:53:00,Brew've Been Served,Brand Tempestad,3.66
1004,2014-01-15 07:36:00,Brew've Been Served,Brand Tempestad,15.5
1143,2014-01-16 07:55:00,Brew've Been Served,Brand Tempestad,12.83
1268,2014-01-17 07:52:00,Coffee Cameleon,Brand Tempestad,9.16
103,2014-01-06 20:15:00,Guy's Gyros,Brand Tempestad,117.82
191,2014-01-07 13:33:00,Guy's Gyros,Brand Tempestad,11.31
492,2014-01-09 19:52:00,Guy's Gyros,Brand Tempestad,29.96
574,2014-01-10 13:25:00,Guy's Gyros,Brand Tempestad,26.76
613,2014-01-10 19:45:00,Guy's Gyros,Brand Tempestad,23.61
673,2014-01-11 19:34:00,Guy's Gyros,Brand Tempestad,55.36
976,2014-01-14 20:15:00,Guy's Gyros,Brand Tempestad,18.11
1106,2014-01-15 20:08:00,Guy's Gyros,Brand Tempestad,36.35
1200,2014-01-16 13:44:00,Guy's Gyros,Brand Tempestad,13.48
1236,2014-01-16 20:17:00,Guy's Gyros,Brand Tempestad,30.76
1339,2014-01-17 19:29:00,Guy's Gyros,Brand Tempestad,19.68
1422,2014-01-18 19:39:00,Guy's Gyros,Brand Tempestad,78.36
1476,2014-01-19 19:49:00,Guy's Gyros,Brand Tempestad,100.36
1308,2014-01-17 13:31:00,Hippokampos,Brand Tempestad,15.77
344,2014-01-08 13:52:00,Kalami Kafenion,Brand Tempestad,14.77
772,2014-01-13 08:01:00,Kronos Mart,Brand Tempestad,159.06
967,2014-01-14 15:49:00,Octavio's Office Supplies,Brand Tempestad,131.73
66,2014-01-06 13:37:00,Ouzeri Elian,Brand Tempestad,20.56
443,2014-01-09 13:23:00,Ouzeri Elian,Brand Tempestad,22.4
640,2014-01-11 13:33:00,Abila Zacharo,Edvard Vann,89.54
1373,2014-01-18 13:05:00,Abila Zacharo,Edvard Vann,25.59
1481,2014-01-19 20:02:00,Albert's Fine Clothing,Edvard Vann,254.29
40,2014-01-06 12:00:00,Brewed Awakenings,Edvard Vann,16.89
167,2014-01-07 12:00:00,Brewed Awakenings,Edvard Vann,71.59
299,2014-01-08 12:00:00,Brewed Awakenings,Edvard Vann,12.32
425,2014-01-09 12:00:00,Brewed Awakenings,Edvard Vann,13.16
560,2014-01-10 12:00:00,Brewed Awakenings,Edvard Vann,6.17
790,2014-01-13 12:00:00,Brewed Awakenings,Edvard Vann,56.4
912,2014-01-14 12:00:00,Brewed Awakenings,Edvard Vann,8.3
1038,2014-01-15 12:00:00,Brewed Awakenings,Edvard Vann,91.62
1167,2014-01-16 12:00:00,Brewed Awakenings,Edvard Vann,6.53
1294,2014-01-17 12:00:00,Brewed Awakenings,Edvard Vann,88.69
308,2014-01-08 12:56:00,Chostus Hotel,Edvard Vann,107.51
570,2014-01-10 13:11:00,Chostus Hotel,Edvard Vann,197.41
924,2014-01-14 13:17:00,Chostus Hotel,Edvard Vann,109.54
1328,2014-01-17 13:54:00,Chostus Hotel,Edvard Vann,159.62
1095,2014-01-15 19:52:00,Frydos Autosupply n' More,Edvard Vann,18.91
442,2014-01-09 13:23:00,Gelatogalore,Edvard Vann,56.74
813,2014-01-13 13:33:00,Guy's Gyros,Edvard Vann,27.49
253,2014-01-07 21:03:00,Hippokampos,Edvard Vann,21.2
356,2014-01-08 19:28:00,Hippokampos,Edvard Vann,16.54
493,2014-01-09 20:05:00,Hippokampos,Edvard Vann,15.02
746,2014-01-12 20:15:00,Hippokampos,Edvard Vann,69.41
999,2014-01-14 21:31:00,Hippokampos,Edvard Vann,22.13
1066,2014-01-15 13:41:00,Hippokampos,Edvard Vann,82.61
1191,2014-01-16 13:30:00,Hippokampos,Edvard Vann,10.38
1347,2014-01-17 20:03:00,Hippokampos,Edvard Vann,8.92
709,2014-01-12 13:52:00,Kalami Kafenion,Edvard Vann,54.36
674,2014-01-11 19:40:00,Katerina’s Café,Edvard Vann,57.36
56,2014-01-06 13:22:00,Ouzeri Elian,Edvard Vann,38.9
81,2014-01-06 13:54:00,Abila Zacharo,Elsa Orilla,23.15
937,2014-01-14 13:35:00,Abila Zacharo,Elsa Orilla,15.26
12,2014-01-06 07:52:00,Brew've Been Served,Elsa Orilla,32.83
153,2014-01-07 08:02:00,Brew've Been Served,Elsa Orilla,14.49
269,2014-01-08 07:50:00,Brew've Been Served,Elsa Orilla,33.68
531,2014-01-10 07:48:00,Brew've Been Served,Elsa Orilla,13.32
884,2014-01-14 07:45:00,Brew've Been Served,Elsa Orilla,16.53
1009,2014-01-15 07:45:00,Brew've Been Served,Elsa Orilla,11.47
1276,2014-01-17 08:04:00,Brew've Been Served,Elsa Orilla,16.62
1472,2014-01-19 19:45:00,Frydos Autosupply n' More,Elsa Orilla,98.04
196,2014-01-07 13:39:00,Gelatogalore,Elsa Orilla,17.21
320,2014-01-08 13:28:00,Gelatogalore,Elsa Orilla,20.72
457,2014-01-09 13:40:00,Gelatogalore,Elsa Orilla,11.94
1195,2014-01-16 13:37:00,Gelatogalore,Elsa Orilla,22.19
403,2014-01-09 07:57:00,Hallowed Grounds,Elsa Orilla,50.25
763,2014-01-13 07:44:00,Hallowed Grounds,Elsa Orilla,5.85
1147,2014-01-16 08:03:00,Hallowed Grounds,Elsa Orilla,72.61
1063,2014-01-15 13:39:00,Hippokampos,Elsa Orilla,8.75
1315,2014-01-17 13:39:00,Kalami Kafenion,Elsa Orilla,27.7
111,2014-01-06 20:29:00,Katerina’s Café,Elsa Orilla,17.92
252,2014-01-07 21:01:00,Katerina’s Café,Elsa Orilla,33.29
499,2014-01-09 20:20:00,Katerina’s Café,Elsa Orilla,91.14
620,2014-01-10 20:08:00,Katerina’s Café,Elsa Orilla,15.76
689,2014-01-11 20:13:00,Katerina’s Café,Elsa Orilla,9.78
744,2014-01-12 20:12:00,Katerina’s Café,Elsa Orilla,15.37
817,2014-01-13 13:36:00,Katerina’s Café,Elsa Orilla,17.21
871,2014-01-13 21:16:00,Katerina’s Café,Elsa Orilla,33.11
1244,2014-01-16 20:28:00,Katerina’s Café,Elsa Orilla,30.84
1366,2014-01-17 21:06:00,Katerina’s Café,Elsa Orilla,27.49
1432,2014-01-18 20:01:00,Katerina’s Café,Elsa Orilla,17.37
588,2014-01-10 13:44:00,Ouzeri Elian,Elsa Orilla,20.46
997,2014-01-14 21:14:00,Roberts and Sons,Elsa Orilla,223.81
582,2014-01-10 13:36:00,Abila Zacharo,Felix Balas,36.73
639,2014-01-11 13:32:00,Abila Zacharo,Felix Balas,54.82
940,2014-01-14 13:37:00,Abila Zacharo,Felix Balas,10.24
126,2014-01-06 21:32:00,Frydos Autosupply n' More,Felix Balas,314.98
186,2014-01-07 13:30:00,Gelatogalore,Felix Balas,51.64
1316,2014-01-17 13:40:00,Gelatogalore,Felix Balas,37.3
67,2014-01-06 13:39:00,Guy's Gyros,Felix Balas,11.22
137,2014-01-07 07:47:00,Hallowed Grounds,Felix Balas,7.88
261,2014-01-08 07:39:00,Hallowed Grounds,Felix Balas,8.28
389,2014-01-09 07:37:00,Hallowed Grounds,Felix Balas,17.56
525,2014-01-10 07:41:00,Hallowed Grounds,Felix Balas,11.49
759,2014-01-13 07:42:00,Hallowed Grounds,Felix Balas,3.02
879,2014-01-14 07:42:00,Hallowed Grounds,Felix Balas,4.59
1022,2014-01-15 08:00:00,Hallowed Grounds,Felix Balas,15.27
1138,2014-01-16 07:51:00,Hallowed Grounds,Felix Balas,9.6
1259,2014-01-17 07:31:00,Hallowed Grounds,Felix Balas,3.25
465,2014-01-09 13:51:00,Hippokampos,Felix Balas,13.84
1212,2014-01-16 13:54:00,Hippokampos,Felix Balas,8.07
255,2014-01-07 21:19:00,Katerina’s Café,Felix Balas,18.35
325,2014-01-08 13:34:00,Katerina’s Café,Felix Balas,88.98
365,2014-01-08 20:08:00,Katerina’s Café,Felix Balas,31.59
517,2014-01-09 21:18:00,Katerina’s Café,Felix Balas,8.57
678,2014-01-11 19:51:00,Katerina’s Café,Felix Balas,45.68
853,2014-01-13 20:33:00,Katerina’s Café,Felix Balas,91.36
1083,2014-01-15 14:00:00,Katerina’s Café,Felix Balas,12.12
1112,2014-01-15 20:23:00,Katerina’s Café,Felix Balas,39.63
1349,2014-01-17 20:07:00,Katerina’s Café,Felix Balas,21.22
1429,2014-01-18 19:54:00,Katerina’s Café,Felix Balas,33.63
1454,2014-01-19 14:01:00,Katerina’s Café,Felix Balas,12.78
702,2014-01-12 13:30:00,Ouzeri Elian,Felix Balas,72.32
825,2014-01-13 13:48:00,Ouzeri Elian,Felix Balas,8.32
658,2014-01-11 16:00:00,Roberts and Sons,Felix Balas,256.24
717,2014-01-12 15:10:00,Shoppers' Delight,Felix Balas,135.78
445,2014-01-09 13:24:00,Abila Zacharo,Felix Resumir,8.16
973,2014-01-14 20:05:00,Albert's Fine Clothing,Felix Resumir,50.77
17,2014-01-06 07:55:00,Brew've Been Served,Felix Resumir,3.67
144,2014-01-07 07:55:00,Brew've Been Served,Felix Resumir,69.06
274,2014-01-08 07:55:00,Brew've Been Served,Felix Resumir,91.87
407,2014-01-09 08:01:00,Brew've Been Served,Felix Resumir,92.12
526,2014-01-10 07:45:00,Brew've Been Served,Felix Resumir,5.01
769,2014-01-13 07:57:00,Brew've Been Served,Felix Resumir,78.23
883,2014-01-14 07:45:00,Brew've Been Served,Felix Resumir,10.96
1019,2014-01-15 07:58:00,Brew've Been Served,Felix Resumir,14.06
1130,2014-01-16 07:36:00,Brew've Been Served,Felix Resumir,19.9
1273,2014-01-17 08:03:00,Brew've Been Served,Felix Resumir,13.66
488,2014-01-09 19:32:00,Frydos Autosupply n' More,Felix Resumir,138.02
1460,2014-01-19 15:26:00,Frydos Autosupply n' More,Felix Resumir,56.09
327,2014-01-08 13:39:00,Gelatogalore,Felix Resumir,119.75
102,2014-01-06 20:13:00,Guy's Gyros,Felix Resumir,22.57
226,2014-01-07 19:48:00,Guy's Gyros,Felix Resumir,31.23
367,2014-01-08 20:15:00,Guy's Gyros,Felix Resumir,99.08
1096,2014-01-15 19:53:00,Guy's Gyros,Felix Resumir,98.04
1224,2014-01-16 19:09:00,Guy's Gyros,Felix Resumir,8.31
1305,2014-01-17 13:21:00,Guy's Gyros,Felix Resumir,22.18
1351,2014-01-17 20:16:00,Guy's Gyros,Felix Resumir,37.55
1407,2014-01-18 19:08:00,Guy's Gyros,Felix Resumir,39.68
1471,2014-01-19 19:45:00,Guy's Gyros,Felix Resumir,58.35
53,2014-01-06 13:19:00,Kalami Kafenion,Felix Resumir,70.1
578,2014-01-10 13:30:00,Kalami Kafenion,Felix Resumir,35.69
197,2014-01-07 13:41:00,Katerina’s Café,Felix Resumir,51.41
646,2014-01-11 13:43:00,Katerina’s Café,Felix Resumir,71.65
1186,2014-01-16 13:27:00,Katerina’s Café,Felix Resumir,34.02
1383,2014-01-18 13:34:00,Katerina’s Café,Felix Resumir,19.3
1441,2014-01-19 03:13:00,Kronos Mart,Felix Resumir,87.66
942,2014-01-14 13:40:00,Ouzeri Elian,Felix Resumir,107.32
1055,2014-01-15 13:22:00,Ouzeri Elian,Felix Resumir,12.9
1450,2014-01-19 13:27:00,Ouzeri Elian,Felix Resumir,23.65
93,2014-01-06 17:28:00,U-Pump,Felix Resumir,59.51
456,2014-01-09 13:40:00,Abila Zacharo,Gustav Cazar,20.73
600,2014-01-10 13:59:00,Abila Zacharo,Gustav Cazar,8.22
794,2014-01-13 12:00:00,Bean There Done That,Gustav Cazar,10.37
1117,2014-01-15 20:33:00,Frydos Autosupply n' More,Gustav Cazar,18.66
1227,2014-01-16 19:45:00,Frydos Autosupply n' More,Gustav Cazar,53.37
1398,2014-01-18 15:32:00,Frydos Autosupply n' More,Gustav Cazar,361.54
206,2014-01-07 13:52:00,Gelatogalore,Gustav Cazar,71.77
1208,2014-01-16 13:48:00,Gelatogalore,Gustav Cazar,32.4
342,2014-01-08 13:51:00,Guy's Gyros,Gustav Cazar,15.86
949,2014-01-14 13:44:00,Guy's Gyros,Gustav Cazar,16.35
1380,2014-01-18 13:28:00,Guy's Gyros,Gustav Cazar,27.4
21,2014-01-06 08:01:00,Hallowed Grounds,Gustav Cazar,10.07
133,2014-01-07 07:41:00,Hallowed Grounds,Gustav Cazar,19.59
260,2014-01-08 07:39:00,Hallowed Grounds,Gustav Cazar,8.15
523,2014-01-10 07:41:00,Hallowed Grounds,Gustav Cazar,12.03
891,2014-01-14 07:54:00,Hallowed Grounds,Gustav Cazar,19.99
1142,2014-01-16 07:54:00,Hallowed Grounds,Gustav Cazar,7.22
1267,2014-01-17 07:52:00,Hallowed Grounds,Gustav Cazar,18.6
712,2014-01-12 14:04:00,Hippokampos,Gustav Cazar,12.57
1060,2014-01-15 13:35:00,Kalami Kafenion,Gustav Cazar,26.17
1323,2014-01-17 13:51:00,Kalami Kafenion,Gustav Cazar,20.02
76,2014-01-06 13:50:00,Katerina’s Café,Gustav Cazar,13.59
99,2014-01-06 20:08:00,Katerina’s Café,Gustav Cazar,12.32
236,2014-01-07 20:12:00,Katerina’s Café,Gustav Cazar,55.63
383,2014-01-08 21:09:00,Katerina’s Café,Gustav Cazar,27.87
696,2014-01-11 20:46:00,Katerina’s Café,Gustav Cazar,57.6
751,2014-01-12 20:48:00,Katerina’s Café,Gustav Cazar,87.09
820,2014-01-13 13:40:00,Katerina’s Café,Gustav Cazar,8.29
866,2014-01-13 21:00:00,Katerina’s Café,Gustav Cazar,27.59
983,2014-01-14 20:26:00,Katerina’s Café,Gustav Cazar,12.65
1415,2014-01-18 19:31:00,Katerina’s Café,Gustav Cazar,22.74
1482,2014-01-19 20:05:00,Katerina’s Café,Gustav Cazar,33.79
11,2014-01-06 07:49:00,Coffee Cameleon,Hennie Osvaldo,8.39
136,2014-01-07 07:46:00,Coffee Cameleon,Hennie Osvaldo,9.1
272,2014-01-08 07:52:00,Coffee Cameleon,Hennie Osvaldo,12.26
390,2014-01-09 07:37:00,Coffee Cameleon,Hennie Osvaldo,19.99
530,2014-01-10 07:47:00,Coffee Cameleon,Hennie Osvaldo,11.54
208,2014-01-07 13:54:00,Gelatogalore,Hennie Osvaldo,88.97
476,2014-01-09 14:13:00,Guy's Gyros,Hennie Osvaldo,17.44
321,2014-01-08 13:29:00,Kalami Kafenion,Hennie Osvaldo,24.08
113,2014-01-06 20:33:00,Katerina’s Café,Hennie Osvaldo,15.52
244,2014-01-07 20:32:00,Katerina’s Café,Hennie Osvaldo,19.53
375,2014-01-08 20:42:00,Katerina’s Café,Hennie Osvaldo,92.83
487,2014-01-09 19:30:00,Katerina’s Café,Hennie Osvaldo,26.6
618,2014-01-10 19:56:00,Katerina’s Café,Hennie Osvaldo,21.89
75,2014-01-06 13:48:00,Ouzeri Elian,Hennie Osvaldo,30.87
231,2014-01-07 20:10:00,Albert's Fine Clothing,Hideki Cocinaro,78.91
501,2014-01-09 20:21:00,Albert's Fine Clothing,Hideki Cocinaro,224.52
1118,2014-01-15 20:46:00,Albert's Fine Clothing,Hideki Cocinaro,228.15
1230,2014-01-16 20:08:00,Albert's Fine Clothing,Hideki Cocinaro,283.38
35,2014-01-06 12:00:00,Coffee Shack,Hideki Cocinaro,51.51
162,2014-01-07 12:00:00,Coffee Shack,Hideki Cocinaro,16.63
294,2014-01-08 12:00:00,Coffee Shack,Hideki Cocinaro,13.13
420,2014-01-09 12:00:00,Coffee Shack,Hideki Cocinaro,5.01
785,2014-01-13 12:00:00,Coffee Shack,Hideki Cocinaro,4.09
908,2014-01-14 12:00:00,Coffee Shack,Hideki Cocinaro,3.63
1162,2014-01-16 12:00:00,Coffee Shack,Hideki Cocinaro,10.48
1289,2014-01-17 12:00:00,Coffee Shack,Hideki Cocinaro,19.16
478,2014-01-09 14:18:00,Gelatogalore,Hideki Cocinaro,36.75
1074,2014-01-15 13:46:00,Gelatogalore,Hideki Cocinaro,24.96
720,2014-01-12 15:46:00,General Grocer,Hideki Cocinaro,159.3
832,2014-01-13 14:00:00,Guy's Gyros,Hideki Cocinaro,38.07
1334,2014-01-17 14:05:00,Guy's Gyros,Hideki Cocinaro,21.1
115,2014-01-06 20:46:00,Hippokampos,Hideki Cocinaro,24.41
371,2014-01-08 20:28:00,Hippokampos,Hideki Cocinaro,96.75
603,2014-01-10 14:07:00,Hippokampos,Hideki Cocinaro,11.61
617,2014-01-10 19:56:00,Hippokampos,Hideki Cocinaro,19.88
694,2014-01-11 20:27:00,Hippokampos,Hideki Cocinaro,69.8
705,2014-01-12 13:35:00,Hippokampos,Hideki Cocinaro,29.2
870,2014-01-13 21:13:00,Hippokampos,Hideki Cocinaro,32.29
1340,2014-01-17 19:40:00,Hippokampos,Hideki Cocinaro,19.76
1440,2014-01-18 20:26:00,Hippokampos,Hideki Cocinaro,55.03
85,2014-01-06 14:00:00,Kalami Kafenion,Hideki Cocinaro,13.08
349,2014-01-08 14:15:00,Kalami Kafenion,Hideki Cocinaro,34.98
651,2014-01-11 14:09:00,Kalami Kafenion,Hideki Cocinaro,35.66
960,2014-01-14 14:01:00,Ouzeri Elian,Hideki Cocinaro,19.7
1216,2014-01-16 14:01:00,Ouzeri Elian,Hideki Cocinaro,8.47
1196,2014-01-16 13:39:00,Abila Zacharo,Inga Ferro,69.27
1419,2014-01-18 19:36:00,Abila Zacharo,Inga Ferro,21.29
661,2014-01-11 16:24:00,Ahaggo Museum,Inga Ferro,89.32
0,2014-01-06 07:28:00,Brew've Been Served,Inga Ferro,11.34
130,2014-01-07 07:33:00,Brew've Been Served,Inga Ferro,7.09
280,2014-01-08 08:00:00,Brew've Been Served,Inga Ferro,32.3
397,2014-01-09 07:48:00,Brew've Been Served,Inga Ferro,5.13
539,2014-01-10 07:56:00,Brew've Been Served,Inga Ferro,97.25
762,2014-01-13 07:43:00,Brew've Been Served,Inga Ferro,18.71
874,2014-01-14 07:31:00,Brew've Been Served,Inga Ferro,4.72
1016,2014-01-15 07:57:00,Brew've Been Served,Inga Ferro,4.92
1140,2014-01-16 07:53:00,Brew've Been Served,Inga Ferro,4.7
1272,2014-01-17 07:59:00,Brew've Been Served,Inga Ferro,19.39
1463,2014-01-19 15:53:00,Frydos Autosupply n' More,Inga Ferro,209.76
439,2014-01-09 13:21:00,Gelatogalore,Inga Ferro,23.45
498,2014-01-09 20:19:00,General Grocer,Inga Ferro,285.34
233,2014-01-07 20:10:00,Guy's Gyros,Inga Ferro,26.82
616,2014-01-10 19:54:00,Guy's Gyros,Inga Ferro,27.78
849,2014-01-13 20:11:00,Guy's Gyros,Inga Ferro,20.47
972,2014-01-14 20:01:00,Guy's Gyros,Inga Ferro,23.59
1226,2014-01-16 19:40:00,Guy's Gyros,Inga Ferro,37.8
1344,2014-01-17 19:53:00,Guy's Gyros,Inga Ferro,35.1
57,2014-01-06 13:23:00,Hippokampos,Inga Ferro,13.26
312,2014-01-08 13:15:00,Hippokampos,Inga Ferro,9.03
573,2014-01-10 13:20:00,Hippokampos,Inga Ferro,79.26
669,2014-01-11 19:29:00,Hippokampos,Inga Ferro,63.21
1306,2014-01-17 13:27:00,Hippokampos,Inga Ferro,14.57
192,2014-01-07 13:33:00,Kalami Kafenion,Inga Ferro,18.06
935,2014-01-14 13:34:00,Katerina’s Café,Inga Ferro,29.1
1448,2014-01-19 13:23:00,Katerina’s Café,Inga Ferro,70.22
609,2014-01-10 14:41:00,Octavio's Office Supplies,Inga Ferro,139.72
818,2014-01-13 13:37:00,Ouzeri Elian,Inga Ferro,95.03
179,2014-01-07 13:20:00,Abila Zacharo,Ingrid Barranco,13.52
324,2014-01-08 13:34:00,Abila Zacharo,Ingrid Barranco,14.41
36,2014-01-06 12:00:00,Bean There Done That,Ingrid Barranco,10.28
163,2014-01-07 12:00:00,Bean There Done That,Ingrid Barranco,51.25
295,2014-01-08 12:00:00,Bean There Done That,Ingrid Barranco,17.45
421,2014-01-09 12:00:00,Bean There Done That,Ingrid Barranco,13.0
556,2014-01-10 12:00:00,Bean There Done That,Ingrid Barranco,15.39
786,2014-01-13 12:00:00,Bean There Done That,Ingrid Barranco,7.93
909,2014-01-14 12:00:00,Bean There Done That,Ingrid Barranco,7.28
1163,2014-01-16 12:00:00,Bean There Done That,Ingrid Barranco,19.82
1290,2014-01-17 12:00:00,Bean There Done That,Ingrid Barranco,19.67
579,2014-01-10 13:35:00,Gelatogalore,Ingrid Barranco,26.15
822,2014-01-13 13:41:00,Gelatogalore,Ingrid Barranco,36.93
58,2014-01-06 13:24:00,Guy's Gyros,Ingrid Barranco,15.44
461,2014-01-09 13:43:00,Guy's Gyros,Ingrid Barranco,74.91
938,2014-01-14 13:36:00,Guy's Gyros,Ingrid Barranco,13.27
1053,2014-01-15 13:22:00,Guy's Gyros,Ingrid Barranco,14.37
116,2014-01-06 20:46:00,Hippokampos,Ingrid Barranco,21.33
228,2014-01-07 20:02:00,Hippokampos,Ingrid Barranco,11.56
355,2014-01-08 19:21:00,Hippokampos,Ingrid Barranco,10.52
614,2014-01-10 19:46:00,Hippokampos,Ingrid Barranco,48.22
691,2014-01-11 20:23:00,Hippokampos,Ingrid Barranco,70.23
729,2014-01-12 19:29:00,Hippokampos,Ingrid Barranco,66.63
856,2014-01-13 20:42:00,Hippokampos,Ingrid Barranco,31.59
970,2014-01-14 19:44:00,Hippokampos,Ingrid Barranco,39.64
1097,2014-01-15 19:55:00,Hippokampos,Ingrid Barranco,13.02
1194,2014-01-16 13:36:00,Hippokampos,Ingrid Barranco,31.14
1436,2014-01-18 20:11:00,Hippokampos,Ingrid Barranco,72.5
1484,2014-01-19 20:16:00,Hippokampos,Ingrid Barranco,78.96
1278,2014-01-17 08:08:00,Kronos Mart,Ingrid Barranco,286.24
1311,2014-01-17 13:38:00,Ouzeri Elian,Ingrid Barranco,14.01
1449,2014-01-19 13:26:00,Ahaggo Museum,Isak Baza,26.91
97,2014-01-06 19:50:00,Frydos Autosupply n' More,Isak Baza,273.87
45,2014-01-06 12:00:00,Jack's Magical Beans,Isak Baza,18.59
172,2014-01-07 12:00:00,Jack's Magical Beans,Isak Baza,18.77
303,2014-01-08 12:00:00,Jack's Magical Beans,Isak Baza,18.78
429,2014-01-09 12:00:00,Jack's Magical Beans,Isak Baza,12.13
565,2014-01-10 12:00:00,Jack's Magical Beans,Isak Baza,16.29
798,2014-01-13 12:00:00,Jack's Magical Beans,Isak Baza,5.22
917,2014-01-14 12:00:00,Jack's Magical Beans,Isak Baza,63.36
1043,2014-01-15 12:00:00,Jack's Magical Beans,Isak Baza,5.3
1172,2014-01-16 12:00:00,Jack's Magical Beans,Isak Baza,14.86
1299,2014-01-17 12:00:00,Jack's Magical Beans,Isak Baza,19.11
581,2014-01-10 13:35:00,Kalami Kafenion,Isak Baza,101.5
240,2014-01-07 20:15:00,Ouzeri Elian,Isak Baza,11.41
491,2014-01-09 19:43:00,Ouzeri Elian,Isak Baza,31.07
988,2014-01-14 20:41:00,Ouzeri Elian,Isak Baza,24.06
1093,2014-01-15 19:18:00,Ouzeri Elian,Isak Baza,28.86
1257,2014-01-16 21:16:00,Ouzeri Elian,Isak Baza,29.99
1350,2014-01-17 20:07:00,Ouzeri Elian,Isak Baza,70.21
606,2014-01-10 14:09:00,Abila Zacharo,Isande Borrasca,9.32
1403,2014-01-18 15:57:00,Albert's Fine Clothing,Isande Borrasca,189.52
372,2014-01-08 20:28:00,Frydos Autosupply n' More,Isande Borrasca,268.89
212,2014-01-07 13:57:00,Gelatogalore,Isande Borrasca,15.4
1073,2014-01-15 13:45:00,Guy's Gyros,Isande Borrasca,12.19
20,2014-01-06 08:00:00,Hallowed Grounds,Isande Borrasca,9.69
146,2014-01-07 07:57:00,Hallowed Grounds,Isande Borrasca,10.33
277,2014-01-08 07:57:00,Hallowed Grounds,Isande Borrasca,11.63
544,2014-01-10 08:06:00,Hallowed Grounds,Isande Borrasca,9.34
770,2014-01-13 07:57:00,Hallowed Grounds,Isande Borrasca,6.32
901,2014-01-14 08:16:00,Hallowed Grounds,Isande Borrasca,6.16
1014,2014-01-15 07:51:00,Hallowed Grounds,Isande Borrasca,78.69
1150,2014-01-16 08:07:00,Hallowed Grounds,Isande Borrasca,18.23
1271,2014-01-17 07:59:00,Hallowed Grounds,Isande Borrasca,5.52
54,2014-01-06 13:20:00,Hippokampos,Isande Borrasca,34.03
644,2014-01-11 13:37:00,Hippokampos,Isande Borrasca,82.23
1193,2014-01-16 13:35:00,Hippokampos,Isande Borrasca,13.05
470,2014-01-09 14:03:00,Kalami Kafenion,Isande Borrasca,35.99
112,2014-01-06 20:30:00,Katerina’s Café,Isande Borrasca,28.0
246,2014-01-07 20:33:00,Katerina’s Café,Isande Borrasca,25.54
496,2014-01-09 20:09:00,Katerina’s Café,Isande Borrasca,90.97
671,2014-01-11 19:32:00,Katerina’s Café,Isande Borrasca,20.71
847,2014-01-13 19:59:00,Katerina’s Café,Isande Borrasca,30.84
948,2014-01-14 13:43:00,Katerina’s Café,Isande Borrasca,31.69
1374,2014-01-18 13:15:00,Katerina’s Café,Isande Borrasca,34.54
1418,2014-01-18 19:36:00,Katerina’s Café,Isande Borrasca,35.79
51,2014-01-06 13:18:00,Abila Zacharo,Isia Vann,106.93
200,2014-01-07 13:44:00,Abila Zacharo,Isia Vann,32.4
25,2014-01-06 08:14:00,Coffee Cameleon,Isia Vann,3.2
150,2014-01-07 08:01:00,Coffee Cameleon,Isia Vann,52.44
288,2014-01-08 08:22:00,Coffee Cameleon,Isia Vann,16.17
537,2014-01-10 07:54:00,Coffee Cameleon,Isia Vann,9.69
766,2014-01-13 07:55:00,Coffee Cameleon,Isia Vann,17.49
886,2014-01-14 07:52:00,Coffee Cameleon,Isia Vann,11.67
1025,2014-01-15 08:05:00,Coffee Cameleon,Isia Vann,56.31
1146,2014-01-16 08:03:00,Coffee Cameleon,Isia Vann,63.14
1277,2014-01-17 08:07:00,Coffee Cameleon,Isia Vann,7.49
363,2014-01-08 20:07:00,Frydos Autosupply n' More,Isia Vann,214.07
868,2014-01-13 21:11:00,Frydos Autosupply n' More,Isia Vann,202.05
338,2014-01-08 13:47:00,Gelatogalore,Isia Vann,22.27
449,2014-01-09 13:29:00,Hippokampos,Isia Vann,27.47
1302,2014-01-17 13:16:00,Hippokampos,Isia Vann,38.21
105,2014-01-06 20:19:00,Katerina’s Café,Isia Vann,21.66
508,2014-01-09 20:38:00,Katerina’s Café,Isia Vann,30.69
585,2014-01-10 13:38:00,Katerina’s Café,Isia Vann,21.22
637,2014-01-11 13:23:00,Katerina’s Café,Isia Vann,45.21
692,2014-01-11 20:24:00,Katerina’s Café,Isia Vann,94.68
809,2014-01-13 13:23:00,Katerina’s Café,Isia Vann,38.98
1052,2014-01-15 13:17:00,Katerina’s Café,Isia Vann,88.56
1116,2014-01-15 20:29:00,Katerina’s Café,Isia Vann,29.66
1240,2014-01-16 20:25:00,Katerina’s Café,Isia Vann,35.43
1430,2014-01-18 19:56:00,Katerina’s Café,Isia Vann,32.68
1215,2014-01-16 14:00:00,Ouzeri Elian,Isia Vann,8.52
656,2014-01-11 15:20:00,Shoppers' Delight,Isia Vann,238.52
310,2014-01-08 13:10:00,Abila Zacharo,Kanon Herrero,22.13
19,2014-01-06 08:00:00,Brew've Been Served,Kanon Herrero,4.27
140,2014-01-07 07:50:00,Brew've Been Served,Kanon Herrero,4.39
278,2014-01-08 07:58:00,Brew've Been Served,Kanon Herrero,8.4
411,2014-01-09 08:15:00,Brew've Been Served,Kanon Herrero,5.57
535,2014-01-10 07:51:00,Brew've Been Served,Kanon Herrero,12.77
767,2014-01-13 07:55:00,Brew've Been Served,Kanon Herrero,6.08
896,2014-01-14 08:07:00,Brew've Been Served,Kanon Herrero,16.39
1026,2014-01-15 08:05:00,Brew've Been Served,Kanon Herrero,12.39
1280,2014-01-17 08:12:00,Brew've Been Served,Kanon Herrero,18.15
117,2014-01-06 20:47:00,Frydos Autosupply n' More,Kanon Herrero,149.3
688,2014-01-11 20:13:00,Frydos Autosupply n' More,Kanon Herrero,211.15
1405,2014-01-18 18:51:00,Frydos Autosupply n' More,Kanon Herrero,234.53
436,2014-01-09 13:12:00,Gelatogalore,Kanon Herrero,19.2
62,2014-01-06 13:28:00,Kalami Kafenion,Kanon Herrero,8.64
183,2014-01-07 13:24:00,Kalami Kafenion,Kanon Herrero,11.64
589,2014-01-10 13:45:00,Kalami Kafenion,Kanon Herrero,27.48
943,2014-01-14 13:40:00,Kalami Kafenion,Kanon Herrero,33.13
1062,2014-01-15 13:37:00,Kalami Kafenion,Kanon Herrero,38.5
1314,2014-01-17 13:38:00,Kalami Kafenion,Kanon Herrero,39.43
357,2014-01-08 19:32:00,Katerina’s Café,Kanon Herrero,34.25
506,2014-01-09 20:27:00,Katerina’s Café,Kanon Herrero,53.78
629,2014-01-10 20:42:00,Katerina’s Café,Kanon Herrero,21.28
733,2014-01-12 19:43:00,Katerina’s Café,Kanon Herrero,40.94
860,2014-01-13 20:44:00,Katerina’s Café,Kanon Herrero,93.57
980,2014-01-14 20:19:00,Katerina’s Café,Kanon Herrero,31.94
1187,2014-01-16 13:27:00,Katerina’s Café,Kanon Herrero,39.74
1229,2014-01-16 20:05:00,Katerina’s Café,Kanon Herrero,69.3
1365,2014-01-17 21:05:00,Katerina’s Café,Kanon Herrero,33.73
752,2014-01-13 03:00:00,Kronos Mart,Kanon Herrero,147.3
699,2014-01-12 13:17:00,Ouzeri Elian,Kanon Herrero,98.45
345,2014-01-08 13:53:00,Abila Zacharo,Kare Orilla,16.2
795,2014-01-13 12:00:00,Bean There Done That,Kare Orilla,15.24
641,2014-01-11 13:35:00,Gelatogalore,Kare Orilla,17.31
215,2014-01-07 14:09:00,Guy's Gyros,Kare Orilla,12.57
462,2014-01-09 13:44:00,Guy's Gyros,Kare Orilla,15.0
951,2014-01-14 13:49:00,Guy's Gyros,Kare Orilla,38.26
1082,2014-01-15 14:00:00,Guy's Gyros,Kare Orilla,25.58
1390,2014-01-18 14:05:00,Guy's Gyros,Kare Orilla,47.89
3,2014-01-06 07:36:00,Hallowed Grounds,Kare Orilla,16.72
151,2014-01-07 08:01:00,Hallowed Grounds,Kare Orilla,9.92
264,2014-01-08 07:43:00,Hallowed Grounds,Kare Orilla,3.4
401,2014-01-09 07:57:00,Hallowed Grounds,Kare Orilla,18.48
524,2014-01-10 07:41:00,Hallowed Grounds,Kare Orilla,8.34
892,2014-01-14 07:54:00,Hallowed Grounds,Kare Orilla,50.21
1003,2014-01-15 07:36:00,Hallowed Grounds,Kare Orilla,5.28
1137,2014-01-16 07:51:00,Hallowed Grounds,Kare Orilla,44.98
1263,2014-01-17 07:39:00,Hallowed Grounds,Kare Orilla,15.98
835,2014-01-13 14:04:00,Hippokampos,Kare Orilla,25.09
1209,2014-01-16 13:48:00,Hippokampos,Kare Orilla,29.93
1325,2014-01-17 13:52:00,Hippokampos,Kare Orilla,108.35
77,2014-01-06 13:50:00,Katerina’s Café,Kare Orilla,32.64
121,2014-01-06 21:03:00,Katerina’s Café,Kare Orilla,10.72
245,2014-01-07 20:33:00,Katerina’s Café,Kare Orilla,17.26
663,2014-01-11 19:08:00,Katerina’s Café,Kare Orilla,55.67
996,2014-01-14 21:10:00,Katerina’s Café,Kare Orilla,18.35
1104,2014-01-15 20:05:00,Katerina’s Café,Kare Orilla,11.45
1237,2014-01-16 20:23:00,Katerina’s Café,Kare Orilla,13.91
1486,2014-01-19 20:22:00,Katerina’s Café,Kare Orilla,38.9
604,2014-01-10 14:07:00,Ouzeri Elian,Kare Orilla,30.93
1409,2014-01-18 19:20:00,Roberts and Sons,Kare Orilla,266.69
655,2014-01-11 15:15:00,Shoppers' Delight,Kare Orilla,157.45
1335,2014-01-17 14:06:00,Abila Zacharo,Lars Azada,51.95
5,2014-01-06 07:38:00,Brew've Been Served,Lars Azada,4.17
129,2014-01-07 07:31:00,Brew've Been Served,Lars Azada,12.74
276,2014-01-08 07:57:00,Brew've Been Served,Lars Azada,74.88
392,2014-01-09 07:43:00,Brew've Been Served,Lars Azada,5.43
538,2014-01-10 07:55:00,Brew've Been Served,Lars Azada,85.91
755,2014-01-13 07:36:00,Brew've Been Served,Lars Azada,16.39
873,2014-01-14 07:27:00,Brew've Been Served,Lars Azada,14.67
1021,2014-01-15 08:00:00,Brew've Been Served,Lars Azada,8.42
1128,2014-01-16 07:33:00,Brew've Been Served,Lars Azada,25.05
1261,2014-01-17 07:36:00,Brew've Been Served,Lars Azada,11.69
104,2014-01-06 20:15:00,Frydos Autosupply n' More,Lars Azada,175.87
738,2014-01-12 19:52:00,Frydos Autosupply n' More,Lars Azada,88.93
1368,2014-01-17 21:15:00,Frydos Autosupply n' More,Lars Azada,67.29
1396,2014-01-18 15:31:00,Frydos Autosupply n' More,Lars Azada,103.41
956,2014-01-14 13:57:00,Gelatogalore,Lars Azada,35.97
248,2014-01-07 20:34:00,Guy's Gyros,Lars Azada,23.12
364,2014-01-08 20:08:00,Guy's Gyros,Lars Azada,33.02
509,2014-01-09 20:38:00,Guy's Gyros,Lars Azada,8.23
632,2014-01-10 21:13:00,Guy's Gyros,Lars Azada,25.81
681,2014-01-11 19:57:00,Guy's Gyros,Lars Azada,36.2
867,2014-01-13 21:08:00,Guy's Gyros,Lars Azada,19.77
977,2014-01-14 20:17:00,Guy's Gyros,Lars Azada,35.12
1105,2014-01-15 20:06:00,Guy's Gyros,Lars Azada,44.91
1412,2014-01-18 19:21:00,Guy's Gyros,Lars Azada,28.07
460,2014-01-09 13:41:00,Hippokampos,Lars Azada,39.22
831,2014-01-13 13:55:00,Kalami Kafenion,Lars Azada,20.33
1376,2014-01-18 13:19:00,Kalami Kafenion,Lars Azada,30.12
1199,2014-01-16 13:43:00,Katerina’s Café,Lars Azada,38.32
1218,2014-01-16 15:58:00,Octavio's Office Supplies,Lars Azada,131.01
74,2014-01-06 13:48:00,Ouzeri Elian,Lars Azada,20.74
199,2014-01-07 13:42:00,Ouzeri Elian,Lars Azada,97.71
339,2014-01-08 13:47:00,Ouzeri Elian,Lars Azada,104.92
598,2014-01-10 13:57:00,Ouzeri Elian,Lars Azada,24.74
1065,2014-01-15 13:40:00,Ouzeri Elian,Lars Azada,25.7
88,2014-01-06 14:05:00,Abila Zacharo,Lidelse Dedos,78.11
1205,2014-01-16 13:47:00,Abila Zacharo,Lidelse Dedos,36.02
381,2014-01-08 21:00:00,General Grocer,Lidelse Dedos,265.84
1360,2014-01-17 20:41:00,General Grocer,Lidelse Dedos,98.03
109,2014-01-06 20:28:00,Guy's Gyros,Lidelse Dedos,95.29
627,2014-01-10 20:20:00,Guy's Gyros,Lidelse Dedos,35.54
727,2014-01-12 19:26:00,Guy's Gyros,Lidelse Dedos,42.32
865,2014-01-13 20:59:00,Guy's Gyros,Lidelse Dedos,37.5
971,2014-01-14 19:59:00,Guy's Gyros,Lidelse Dedos,94.26
1245,2014-01-16 20:35:00,Guy's Gyros,Lidelse Dedos,11.31
1483,2014-01-19 20:14:00,Guy's Gyros,Lidelse Dedos,36.87
1,2014-01-06 07:34:00,Hallowed Grounds,Lidelse Dedos,52.22
138,2014-01-07 07:48:00,Hallowed Grounds,Lidelse Dedos,18.97
259,2014-01-08 07:39:00,Hallowed Grounds,Lidelse Dedos,12.19
391,2014-01-09 07:42:00,Hallowed Grounds,Lidelse Dedos,56.77
534,2014-01-10 07:50:00,Hallowed Grounds,Lidelse Dedos,10.76
765,2014-01-13 07:54:00,Hallowed Grounds,Lidelse Dedos,19.18
882,2014-01-14 07:45:00,Hallowed Grounds,Lidelse Dedos,13.0
1007,2014-01-15 07:44:00,Hallowed Grounds,Lidelse Dedos,12.17
1133,2014-01-16 07:44:00,Hallowed Grounds,Lidelse Dedos,18.2
203,2014-01-07 13:46:00,Kalami Kafenion,Lidelse Dedos,22.14
652,2014-01-11 14:16:00,Kalami Kafenion,Lidelse Dedos,39.36
695,2014-01-11 20:30:00,Kalami Kafenion,Lidelse Dedos,46.78
1332,2014-01-17 13:58:00,Kalami Kafenion,Lidelse Dedos,27.73
347,2014-01-08 14:06:00,Katerina’s Café,Lidelse Dedos,22.94
605,2014-01-10 14:08:00,Katerina’s Café,Lidelse Dedos,77.62
1127,2014-01-16 07:30:00,Kronos Mart,Lidelse Dedos,298.83
472,2014-01-09 14:04:00,Ouzeri Elian,Lidelse Dedos,32.89
954,2014-01-14 13:51:00,Ouzeri Elian,Lidelse Dedos,62.3
1069,2014-01-15 13:42:00,Ouzeri Elian,Lidelse Dedos,22.86
824,2014-01-13 13:48:00,Abila Zacharo,Linnea Bergen,116.32
22,2014-01-06 08:06:00,Brew've Been Served,Linnea Bergen,18.24
266,2014-01-08 07:48:00,Brew've Been Served,Linnea Bergen,32.92
545,2014-01-10 08:09:00,Brew've Been Served,Linnea Bergen,14.45
885,2014-01-14 07:48:00,Brew've Been Served,Linnea Bergen,6.45
1024,2014-01-15 08:02:00,Brew've Been Served,Linnea Bergen,15.58
1145,2014-01-16 08:02:00,Brew've Been Served,Linnea Bergen,5.82
1283,2014-01-17 08:15:00,Brew've Been Served,Linnea Bergen,3.09
166,2014-01-07 12:00:00,Brewed Awakenings,Linnea Bergen,64.84
306,2014-01-08 12:29:00,Frank's Fuel,Linnea Bergen,65.34
368,2014-01-08 20:17:00,Frydos Autosupply n' More,Linnea Bergen,182.56
512,2014-01-09 20:45:00,Frydos Autosupply n' More,Linnea Bergen,276.75
650,2014-01-11 13:59:00,Gelatogalore,Linnea Bergen,18.74
1078,2014-01-15 13:55:00,Gelatogalore,Linnea Bergen,31.21
239,2014-01-07 20:14:00,Guy's Gyros,Linnea Bergen,62.33
328,2014-01-08 13:40:00,Guy's Gyros,Linnea Bergen,77.9
628,2014-01-10 20:23:00,Guy's Gyros,Linnea Bergen,37.37
730,2014-01-12 19:32:00,Guy's Gyros,Linnea Bergen,34.41
982,2014-01-14 20:25:00,Guy's Gyros,Linnea Bergen,10.85
1120,2014-01-15 20:59:00,Guy's Gyros,Linnea Bergen,61.43
1235,2014-01-16 20:17:00,Guy's Gyros,Linnea Bergen,25.78
1312,2014-01-17 13:38:00,Guy's Gyros,Linnea Bergen,39.14
1356,2014-01-17 20:24:00,Guy's Gyros,Linnea Bergen,8.54
1487,2014-01-19 20:25:00,Guy's Gyros,Linnea Bergen,20.94
207,2014-01-07 13:53:00,Hippokampos,Linnea Bergen,51.69
939,2014-01-14 13:37:00,Hippokampos,Linnea Bergen,19.07
424,2014-01-09 12:00:00,Jack's Magical Beans,Linnea Bergen,6.0
84,2014-01-06 13:59:00,Katerina’s Café,Linnea Bergen,39.41
451,2014-01-09 13:35:00,Katerina’s Café,Linnea Bergen,10.42
1437,2014-01-18 20:13:00,Katerina’s Café,Linnea Bergen,9.72
580,2014-01-10 13:35:00,Ouzeri Elian,Linnea Bergen,35.24
1202,2014-01-16 13:45:00,Ouzeri Elian,Linnea Bergen,12.47
842,2014-01-13 19:27:00,Shoppers' Delight,Linnea Bergen,216.43
209,2014-01-07 13:55:00,Abila Zacharo,Loreto Bodrogi,65.9
477,2014-01-09 14:15:00,Abila Zacharo,Loreto Bodrogi,14.37
602,2014-01-10 14:03:00,Abila Zacharo,Loreto Bodrogi,36.38
828,2014-01-13 13:51:00,Abila Zacharo,Loreto Bodrogi,17.41
1239,2014-01-16 20:25:00,Albert's Fine Clothing,Loreto Bodrogi,91.71
18,2014-01-06 07:59:00,Brew've Been Served,Loreto Bodrogi,8.88
154,2014-01-07 08:06:00,Brew've Been Served,Loreto Bodrogi,3.03
282,2014-01-08 08:01:00,Brew've Been Served,Loreto Bodrogi,17.13
405,2014-01-09 08:00:00,Brew've Been Served,Loreto Bodrogi,6.61
546,2014-01-10 08:09:00,Brew've Been Served,Loreto Bodrogi,3.03
780,2014-01-13 08:22:00,Brew've Been Served,Loreto Bodrogi,6.69
894,2014-01-14 07:58:00,Brew've Been Served,Loreto Bodrogi,11.94
1010,2014-01-15 07:48:00,Brew've Been Served,Loreto Bodrogi,6.58
1154,2014-01-16 08:19:00,Brew've Been Served,Loreto Bodrogi,16.9
1286,2014-01-17 08:22:00,Brew've Been Served,Loreto Bodrogi,15.46
86,2014-01-06 14:00:00,Gelatogalore,Loreto Bodrogi,23.41
341,2014-01-08 13:48:00,Gelatogalore,Loreto Bodrogi,116.72
1079,2014-01-15 13:58:00,Gelatogalore,Loreto Bodrogi,39.4
1324,2014-01-17 13:51:00,Gelatogalore,Loreto Bodrogi,34.59
1099,2014-01-15 19:56:00,General Grocer,Loreto Bodrogi,126.2
107,2014-01-06 20:24:00,Guy's Gyros,Loreto Bodrogi,28.94
225,2014-01-07 19:45:00,Guy's Gyros,Loreto Bodrogi,14.87
380,2014-01-08 20:58:00,Guy's Gyros,Loreto Bodrogi,22.91
851,2014-01-13 20:18:00,Guy's Gyros,Loreto Bodrogi,15.84
984,2014-01-14 20:29:00,Guy's Gyros,Loreto Bodrogi,25.28
1197,2014-01-16 13:42:00,Guy's Gyros,Loreto Bodrogi,29.7
1354,2014-01-17 20:21:00,Guy's Gyros,Loreto Bodrogi,8.31
664,2014-01-11 19:17:00,Kalami Kafenion,Loreto Bodrogi,23.86
958,2014-01-14 13:58:00,Katerina’s Café,Loreto Bodrogi,33.54
1391,2014-01-18 14:06:00,Katerina’s Café,Loreto Bodrogi,24.14
1438,2014-01-18 20:15:00,Katerina’s Café,Loreto Bodrogi,37.21
701,2014-01-12 13:28:00,Ouzeri Elian,Loreto Bodrogi,24.72
626,2014-01-10 20:17:00,Shoppers' Delight,Loreto Bodrogi,279.53
719,2014-01-12 15:32:00,Shoppers' Delight,Loreto Bodrogi,204.37
815,2014-01-13 13:34:00,Abila Zacharo,Lucas Alcazar,27.3
857,2014-01-13 20:42:00,Albert's Fine Clothing,Lucas Alcazar,49.48
1342,2014-01-17 19:44:00,Albert's Fine Clothing,Lucas Alcazar,1239.41
43,2014-01-06 12:00:00,Bean There Done That,Lucas Alcazar,5.24
170,2014-01-07 12:00:00,Bean There Done That,Lucas Alcazar,8.03
302,2014-01-08 12:00:00,Bean There Done That,Lucas Alcazar,94.96
428,2014-01-09 12:00:00,Bean There Done That,Lucas Alcazar,15.53
563,2014-01-10 12:00:00,Bean There Done That,Lucas Alcazar,18.67
793,2014-01-13 12:00:00,Bean There Done That,Lucas Alcazar,5.54
915,2014-01-14 12:00:00,Bean There Done That,Lucas Alcazar,67.82
1041,2014-01-15 12:00:00,Bean There Done That,Lucas Alcazar,18.96
1170,2014-01-16 12:00:00,Bean There Done That,Lucas Alcazar,98.34
1297,2014-01-17 12:00:00,Bean There Done That,Lucas Alcazar,18.72
502,2014-01-09 20:21:00,Frydos Autosupply n' More,Lucas Alcazar,120.65
595,2014-01-10 13:52:00,Guy's Gyros,Lucas Alcazar,31.05
106,2014-01-06 20:20:00,Hippokampos,Lucas Alcazar,35.34
247,2014-01-07 20:34:00,Hippokampos,Lucas Alcazar,70.19
322,2014-01-08 13:31:00,Hippokampos,Lucas Alcazar,37.89
454,2014-01-09 13:37:00,Hippokampos,Lucas Alcazar,9.12
726,2014-01-12 19:22:00,Hippokampos,Lucas Alcazar,27.15
1111,2014-01-15 20:23:00,Hippokampos,Lucas Alcazar,10.35
1198,2014-01-16 13:43:00,Hippokampos,Lucas Alcazar,14.89
1233,2014-01-16 20:13:00,Hippokampos,Lucas Alcazar,29.13
1411,2014-01-18 19:21:00,Hippokampos,Lucas Alcazar,21.34
1467,2014-01-19 19:44:00,Hippokampos,Lucas Alcazar,88.27
73,2014-01-06 13:47:00,Kalami Kafenion,Lucas Alcazar,22.13
953,2014-01-14 13:51:00,Kalami Kafenion,Lucas Alcazar,15.27
1385,2014-01-18 13:58:00,Kalami Kafenion,Lucas Alcazar,24.14
648,2014-01-11 13:50:00,Katerina’s Café,Lucas Alcazar,23.45
1321,2014-01-17 13:48:00,Katerina’s Café,Lucas Alcazar,13.11
210,2014-01-07 13:56:00,Ouzeri Elian,Lucas Alcazar,16.2
1059,2014-01-15 13:31:00,Ouzeri Elian,Lucas Alcazar,36.47
336,2014-01-08 13:46:00,Abila Zacharo,Marin Onda,28.25
590,2014-01-10 13:46:00,Abila Zacharo,Marin Onda,31.34
204,2014-01-07 13:49:00,Gelatogalore,Marin Onda,36.5
463,2014-01-09 13:45:00,Gelatogalore,Marin Onda,24.68
834,2014-01-13 14:01:00,Gelatogalore,Marin Onda,117.17
1081,2014-01-15 13:59:00,Gelatogalore,Marin Onda,42.36
1320,2014-01-17 13:47:00,Gelatogalore,Marin Onda,18.1
1386,2014-01-18 13:58:00,Gelatogalore,Marin Onda,84.38
15,2014-01-06 07:54:00,Hallowed Grounds,Marin Onda,32.93
152,2014-01-07 08:01:00,Hallowed Grounds,Marin Onda,68.42
270,2014-01-08 07:50:00,Hallowed Grounds,Marin Onda,3.9
412,2014-01-09 08:15:00,Hallowed Grounds,Marin Onda,15.33
528,2014-01-10 07:46:00,Hallowed Grounds,Marin Onda,17.63
775,2014-01-13 08:06:00,Hallowed Grounds,Marin Onda,55.96
898,2014-01-14 08:12:00,Hallowed Grounds,Marin Onda,10.65
1028,2014-01-15 08:13:00,Hallowed Grounds,Marin Onda,14.39
1153,2014-01-16 08:09:00,Hallowed Grounds,Marin Onda,4.6
1281,2014-01-17 08:12:00,Hallowed Grounds,Marin Onda,6.39
64,2014-01-06 13:35:00,Hippokampos,Marin Onda,36.54
250,2014-01-07 20:49:00,Ouzeri Elian,Marin Onda,20.53
684,2014-01-11 20:04:00,Ouzeri Elian,Marin Onda,16.69
859,2014-01-13 20:43:00,Ouzeri Elian,Marin Onda,21.83
955,2014-01-14 13:53:00,Ouzeri Elian,Marin Onda,33.67
991,2014-01-14 20:46:00,Ouzeri Elian,Marin Onda,80.95
1123,2014-01-15 21:05:00,Ouzeri Elian,Marin Onda,8.57
1242,2014-01-16 20:25:00,Ouzeri Elian,Marin Onda,22.65
1359,2014-01-17 20:35:00,Ouzeri Elian,Marin Onda,26.4
1426,2014-01-18 19:46:00,Ouzeri Elian,Marin Onda,14.9
516,2014-01-09 21:13:00,Shoppers' Delight,Marin Onda,258.43
1086,2014-01-15 14:04:00,Abila Zacharo,Minke Mies,46.82
1207,2014-01-16 13:48:00,Abila Zacharo,Minke Mies,24.38
7,2014-01-06 07:43:00,Brew've Been Served,Minke Mies,9.6
148,2014-01-07 08:00:00,Brew've Been Served,Minke Mies,11.91
263,2014-01-08 07:42:00,Brew've Been Served,Minke Mies,3.09
394,2014-01-09 07:46:00,Brew've Been Served,Minke Mies,4.4
529,2014-01-10 07:47:00,Brew've Been Served,Minke Mies,44.88
768,2014-01-13 07:56:00,Brew've Been Served,Minke Mies,9.53
881,2014-01-14 07:45:00,Brew've Been Served,Minke Mies,14.04
1017,2014-01-15 07:58:00,Brew've Been Served,Minke Mies,3.14
1141,2014-01-16 07:54:00,Brew've Been Served,Minke Mies,83.84
1265,2014-01-17 07:50:00,Brew've Been Served,Minke Mies,8.07
998,2014-01-14 21:28:00,Frydos Autosupply n' More,Minke Mies,49.21
1119,2014-01-15 20:57:00,Frydos Autosupply n' More,Minke Mies,276.88
1254,2014-01-16 20:54:00,Frydos Autosupply n' More,Minke Mies,130.01
1346,2014-01-17 19:57:00,Frydos Autosupply n' More,Minke Mies,124.52
350,2014-01-08 14:17:00,Gelatogalore,Minke Mies,39.94
87,2014-01-06 14:04:00,Hippokampos,Minke Mies,30.88
608,2014-01-10 14:20:00,Hippokampos,Minke Mies,10.16
838,2014-01-13 14:21:00,Hippokampos,Minke Mies,26.96
467,2014-01-09 13:56:00,Kalami Kafenion,Minke Mies,19.84
952,2014-01-14 13:50:00,Kalami Kafenion,Minke Mies,27.65
124,2014-01-06 21:12:00,Katerina’s Café,Minke Mies,26.51
382,2014-01-08 21:02:00,Katerina’s Café,Minke Mies,28.86
494,2014-01-09 20:06:00,Katerina’s Café,Minke Mies,26.6
682,2014-01-11 20:00:00,Katerina’s Café,Minke Mies,25.76
748,2014-01-12 20:35:00,Katerina’s Café,Minke Mies,40.25
1336,2014-01-17 14:15:00,Katerina’s Café,Minke Mies,70.72
1427,2014-01-18 19:47:00,Katerina’s Café,Minke Mies,16.48
187,2014-01-07 13:32:00,Ouzeri Elian,Minke Mies,28.37
601,2014-01-10 14:01:00,Abila Zacharo,Nils Calixto,16.12
1085,2014-01-15 14:02:00,Abila Zacharo,Nils Calixto,24.53
79,2014-01-06 13:52:00,Gelatogalore,Nils Calixto,36.33
1330,2014-01-17 13:57:00,Gelatogalore,Nils Calixto,21.62
10,2014-01-06 07:48:00,Hallowed Grounds,Nils Calixto,10.66
141,2014-01-07 07:50:00,Hallowed Grounds,Nils Calixto,9.61
265,2014-01-08 07:47:00,Hallowed Grounds,Nils Calixto,3.11
409,2014-01-09 08:07:00,Hallowed Grounds,Nils Calixto,65.68
527,2014-01-10 07:45:00,Hallowed Grounds,Nils Calixto,11.38
761,2014-01-13 07:43:00,Hallowed Grounds,Nils Calixto,13.68
897,2014-01-14 08:12:00,Hallowed Grounds,Nils Calixto,39.52
1020,2014-01-15 07:59:00,Hallowed Grounds,Nils Calixto,14.33
1134,2014-01-16 07:44:00,Hallowed Grounds,Nils Calixto,17.74
1274,2014-01-17 08:03:00,Hallowed Grounds,Nils Calixto,38.22
213,2014-01-07 14:00:00,Hippokampos,Nils Calixto,76.11
335,2014-01-08 13:45:00,Kalami Kafenion,Nils Calixto,23.82
711,2014-01-12 13:55:00,Kalami Kafenion,Nils Calixto,14.59
947,2014-01-14 13:42:00,Kalami Kafenion,Nils Calixto,23.1
1210,2014-01-16 13:48:00,Kalami Kafenion,Nils Calixto,11.83
120,2014-01-06 20:59:00,Katerina’s Café,Nils Calixto,26.1
249,2014-01-07 20:47:00,Katerina’s Café,Nils Calixto,32.83
495,2014-01-09 20:08:00,Katerina’s Café,Nils Calixto,19.02
735,2014-01-12 19:47:00,Katerina’s Café,Nils Calixto,17.36
826,2014-01-13 13:48:00,Katerina’s Café,Nils Calixto,24.26
987,2014-01-14 20:34:00,Katerina’s Café,Nils Calixto,11.89
1094,2014-01-15 19:50:00,Katerina’s Café,Nils Calixto,39.23
1252,2014-01-16 20:51:00,Katerina’s Café,Nils Calixto,34.58
1338,2014-01-17 19:24:00,Katerina’s Café,Nils Calixto,22.18
1456,2014-01-19 14:20:00,Katerina’s Café,Nils Calixto,54.2
229,2014-01-07 20:04:00,Albert's Fine Clothing,Orhan Strum,308.36
624,2014-01-10 20:11:00,Albert's Fine Clothing,Orhan Strum,126.13
1395,2014-01-18 15:20:00,Albert's Fine Clothing,Orhan Strum,35.66
44,2014-01-06 12:00:00,Bean There Done That,Orhan Strum,4.27
171,2014-01-07 12:00:00,Bean There Done That,Orhan Strum,46.25
564,2014-01-10 12:00:00,Bean There Done That,Orhan Strum,9.3
796,2014-01-13 12:00:00,Bean There Done That,Orhan Strum,18.59
916,2014-01-14 12:00:00,Bean There Done That,Orhan Strum,5.9
1042,2014-01-15 12:00:00,Bean There Done That,Orhan Strum,15.24
1171,2014-01-16 12:00:00,Bean There Done That,Orhan Strum,17.4
1298,2014-01-17 12:00:00,Bean There Done That,Orhan Strum,5.77
1447,2014-01-19 13:09:00,Gelatogalore,Orhan Strum,22.36
1458,2014-01-19 15:03:00,General Grocer,Orhan Strum,70.22
110,2014-01-06 20:29:00,Hippokampos,Orhan Strum,85.5
361,2014-01-08 20:02:00,Hippokampos,Orhan Strum,32.66
513,2014-01-09 21:01:00,Hippokampos,Orhan Strum,24.96
731,2014-01-12 19:35:00,Hippokampos,Orhan Strum,49.23
995,2014-01-14 21:04:00,Hippokampos,Orhan Strum,28.45
1124,2014-01-15 21:08:00,Hippokampos,Orhan Strum,101.14
1248,2014-01-16 20:42:00,Hippokampos,Orhan Strum,114.0
1417,2014-01-18 19:35:00,Hippokampos,Orhan Strum,27.21
1468,2014-01-19 19:44:00,Hippokampos,Orhan Strum,46.32
446,2014-01-09 13:27:00,Kalami Kafenion,Orhan Strum,110.76
1072,2014-01-15 13:45:00,Kalami Kafenion,Orhan Strum,47.86
332,2014-01-08 13:42:00,Katerina’s Café,Orhan Strum,57.04
592,2014-01-10 13:47:00,Katerina’s Café,Orhan Strum,25.62
638,2014-01-11 13:32:00,Katerina’s Café,Orhan Strum,29.1
927,2014-01-14 13:22:00,Katerina’s Café,Orhan Strum,10.03
69,2014-01-06 13:42:00,Ouzeri Elian,Orhan Strum,20.4
193,2014-01-07 13:34:00,Ouzeri Elian,Orhan Strum,64.84
1375,2014-01-18 13:18:00,Ouzeri Elian,Orhan Strum,33.57
823,2014-01-13 13:42:00,Abila Zacharo,Sten Sanjorge Jr.,11.99
1071,2014-01-15 13:45:00,Abila Zacharo,Sten Sanjorge Jr.,88.83
376,2014-01-08 20:45:00,Albert's Fine Clothing,Sten Sanjorge Jr.,136.01
993,2014-01-14 20:50:00,Albert's Fine Clothing,Sten Sanjorge Jr.,228.72
37,2014-01-06 12:00:00,Bean There Done That,Sten Sanjorge Jr.,16.09
296,2014-01-08 12:00:00,Bean There Done That,Sten Sanjorge Jr.,12.07
557,2014-01-10 12:00:00,Bean There Done That,Sten Sanjorge Jr.,3.92
787,2014-01-13 12:00:00,Bean There Done That,Sten Sanjorge Jr.,98.02
910,2014-01-14 12:00:00,Bean There Done That,Sten Sanjorge Jr.,19.37
1036,2014-01-15 12:00:00,Bean There Done That,Sten Sanjorge Jr.,5.34
1164,2014-01-16 12:00:00,Bean There Done That,Sten Sanjorge Jr.,12.33
1291,2014-01-17 12:00:00,Bean There Done That,Sten Sanjorge Jr.,8.21
1404,2014-01-18 18:39:00,Frank's Fuel,Sten Sanjorge Jr.,52.66
1309,2014-01-17 13:33:00,Gelatogalore,Sten Sanjorge Jr.,23.23
70,2014-01-06 13:46:00,Guy's Gyros,Sten Sanjorge Jr.,30.82
202,2014-01-07 13:46:00,Guy's Gyros,Sten Sanjorge Jr.,10.11
591,2014-01-10 13:47:00,Guy's Gyros,Sten Sanjorge Jr.,31.5
340,2014-01-08 13:48:00,Hippokampos,Sten Sanjorge Jr.,28.79
459,2014-01-09 13:41:00,Hippokampos,Sten Sanjorge Jr.,8.43
519,2014-01-09 21:38:00,Hippokampos,Sten Sanjorge Jr.,10.12
680,2014-01-11 19:53:00,Hippokampos,Sten Sanjorge Jr.,67.37
742,2014-01-12 20:05:00,Hippokampos,Sten Sanjorge Jr.,78.21
1107,2014-01-15 20:10:00,Hippokampos,Sten Sanjorge Jr.,35.12
1370,2014-01-17 21:58:00,Hippokampos,Sten Sanjorge Jr.,12.86
1465,2014-01-19 19:43:00,Hippokampos,Sten Sanjorge Jr.,101.25
928,2014-01-14 13:24:00,Kalami Kafenion,Sten Sanjorge Jr.,17.38
1206,2014-01-16 13:48:00,Kalami Kafenion,Sten Sanjorge Jr.,91.38
1421,2014-01-18 19:39:00,Kalami Kafenion,Sten Sanjorge Jr.,71.14
1317,2014-01-17 13:41:00,Abila Zacharo,Stenig Fusil,14.51
721,2014-01-12 15:49:00,Albert's Fine Clothing,Stenig Fusil,195.81
1461,2014-01-19 15:39:00,Albert's Fine Clothing,Stenig Fusil,274.66
14,2014-01-06 07:54:00,Coffee Cameleon,Stenig Fusil,11.86
149,2014-01-07 08:00:00,Coffee Cameleon,Stenig Fusil,11.55
279,2014-01-08 07:59:00,Coffee Cameleon,Stenig Fusil,15.71
408,2014-01-09 08:03:00,Coffee Cameleon,Stenig Fusil,16.13
547,2014-01-10 08:11:00,Coffee Cameleon,Stenig Fusil,13.25
777,2014-01-13 08:12:00,Coffee Cameleon,Stenig Fusil,17.76
893,2014-01-14 07:56:00,Coffee Cameleon,Stenig Fusil,7.84
1008,2014-01-15 07:45:00,Coffee Cameleon,Stenig Fusil,19.93
125,2014-01-06 21:23:00,Frydos Autosupply n' More,Stenig Fusil,197.32
932,2014-01-14 13:32:00,Gelatogalore,Stenig Fusil,32.82
819,2014-01-13 13:39:00,Guy's Gyros,Stenig Fusil,37.37
1070,2014-01-15 13:44:00,Guy's Gyros,Stenig Fusil,15.89
466,2014-01-09 13:53:00,Hippokampos,Stenig Fusil,16.65
700,2014-01-12 13:25:00,Hippokampos,Stenig Fusil,12.55
1451,2014-01-19 13:33:00,Hippokampos,Stenig Fusil,64.37
80,2014-01-06 13:53:00,Katerina’s Café,Stenig Fusil,36.95
234,2014-01-07 20:11:00,Katerina’s Café,Stenig Fusil,10.07
329,2014-01-08 13:41:00,Katerina’s Café,Stenig Fusil,26.45
370,2014-01-08 20:27:00,Katerina’s Café,Stenig Fusil,33.31
593,2014-01-10 13:47:00,Katerina’s Café,Stenig Fusil,24.33
653,2014-01-11 14:17:00,Katerina’s Café,Stenig Fusil,26.02
670,2014-01-11 19:31:00,Katerina’s Café,Stenig Fusil,33.18
745,2014-01-12 20:13:00,Katerina’s Café,Stenig Fusil,39.55
852,2014-01-13 20:24:00,Katerina’s Café,Stenig Fusil,35.7
1101,2014-01-15 20:00:00,Katerina’s Café,Stenig Fusil,29.84
1246,2014-01-16 20:36:00,Katerina’s Café,Stenig Fusil,19.44
1363,2014-01-17 20:58:00,Katerina’s Café,Stenig Fusil,38.21
185,2014-01-07 13:29:00,Ouzeri Elian,Stenig Fusil,29.1
1204,2014-01-16 13:45:00,Ouzeri Elian,Stenig Fusil,18.27
1478,2014-01-19 19:56:00,Shoppers' Delight,Stenig Fusil,30.39
649,2014-01-11 13:51:00,Abila Zacharo,Varja Lagos,32.02
1378,2014-01-18 13:25:00,Abila Zacharo,Varja Lagos,18.45
6,2014-01-06 07:42:00,Coffee Cameleon,Varja Lagos,28.73
139,2014-01-07 07:49:00,Coffee Cameleon,Varja Lagos,27.66
271,2014-01-08 07:51:00,Coffee Cameleon,Varja Lagos,6.59
387,2014-01-09 07:35:00,Coffee Cameleon,Varja Lagos,12.47
522,2014-01-10 07:40:00,Coffee Cameleon,Varja Lagos,8.51
773,2014-01-13 08:02:00,Coffee Cameleon,Varja Lagos,4.88
887,2014-01-14 07:53:00,Coffee Cameleon,Varja Lagos,15.63
1015,2014-01-15 07:56:00,Coffee Cameleon,Varja Lagos,5.49
1266,2014-01-17 07:51:00,Coffee Cameleon,Varja Lagos,6.81
52,2014-01-06 13:19:00,Gelatogalore,Varja Lagos,12.74
189,2014-01-07 13:33:00,Gelatogalore,Varja Lagos,34.04
507,2014-01-09 20:29:00,Guy's Gyros,Varja Lagos,23.34
575,2014-01-10 13:27:00,Guy's Gyros,Varja Lagos,15.93
317,2014-01-08 13:26:00,Hippokampos,Varja Lagos,16.59
810,2014-01-13 13:24:00,Hippokampos,Varja Lagos,35.73
923,2014-01-14 13:17:00,Hippokampos,Varja Lagos,36.01
1190,2014-01-16 13:30:00,Hippokampos,Varja Lagos,16.53
1301,2014-01-17 13:16:00,Kalami Kafenion,Varja Lagos,140.78
98,2014-01-06 20:07:00,Katerina’s Café,Varja Lagos,23.63
230,2014-01-07 20:09:00,Katerina’s Café,Varja Lagos,19.49
435,2014-01-09 13:03:00,Katerina’s Café,Varja Lagos,17.02
725,2014-01-12 19:21:00,Katerina’s Café,Varja Lagos,11.81
863,2014-01-13 20:47:00,Katerina’s Café,Varja Lagos,22.24
1121,2014-01-15 21:05:00,Katerina’s Café,Varja Lagos,13.77
1353,2014-01-17 20:20:00,Katerina’s Café,Varja Lagos,19.09
610,2014-01-10 16:07:00,Octavio's Office Supplies,Varja Lagos,64.51
1048,2014-01-15 13:10:00,Ouzeri Elian,Varja Lagos,8.93
1400,2014-01-18 15:41:00,Roberts and Sons,Varja Lagos,62.47
316,2014-01-08 13:23:00,Abila Zacharo,Vira Frente,36.85
450,2014-01-09 13:32:00,Abila Zacharo,Vira Frente,8.6
708,2014-01-12 13:45:00,Desafio Golf Course,Vira Frente,129.33
1459,2014-01-19 15:15:00,Desafio Golf Course,Vira Frente,110.02
1402,2014-01-18 15:53:00,Frydos Autosupply n' More,Vira Frente,120.67
194,2014-01-07 13:35:00,Gelatogalore,Vira Frente,8.98
934,2014-01-14 13:33:00,Gelatogalore,Vira Frente,39.17
1064,2014-01-15 13:39:00,Gelatogalore,Vira Frente,9.61
1192,2014-01-16 13:33:00,Gelatogalore,Vira Frente,12.33
72,2014-01-06 13:46:00,Guy's Gyros,Vira Frente,99.67
821,2014-01-13 13:40:00,Guy's Gyros,Vira Frente,29.25
254,2014-01-07 21:17:00,Hippokampos,Vira Frente,37.88
386,2014-01-08 21:32:00,Hippokampos,Vira Frente,78.99
511,2014-01-09 20:41:00,Hippokampos,Vira Frente,9.13
586,2014-01-10 13:40:00,Hippokampos,Vira Frente,32.01
635,2014-01-10 22:21:00,Hippokampos,Vira Frente,79.97
855,2014-01-13 20:35:00,Hippokampos,Vira Frente,29.22
981,2014-01-14 20:22:00,Hippokampos,Vira Frente,9.55
1249,2014-01-16 20:43:00,Hippokampos,Vira Frente,27.74
1369,2014-01-17 21:29:00,Hippokampos,Vira Frente,38.19
1420,2014-01-18 19:36:00,Hippokampos,Vira Frente,53.21
1479,2014-01-19 19:56:00,Hippokampos,Vira Frente,63.17
47,2014-01-06 12:00:00,Jack's Magical Beans,Vira Frente,18.1
174,2014-01-07 12:00:00,Jack's Magical Beans,Vira Frente,69.84
305,2014-01-08 12:00:00,Jack's Magical Beans,Vira Frente,31.25
431,2014-01-09 12:00:00,Jack's Magical Beans,Vira Frente,37.43
567,2014-01-10 12:00:00,Jack's Magical Beans,Vira Frente,8.22
800,2014-01-13 12:00:00,Jack's Magical Beans,Vira Frente,17.52
1045,2014-01-15 12:00:00,Jack's Magical Beans,Vira Frente,19.54
1174,2014-01-16 12:00:00,Jack's Magical Beans,Vira Frente,6.95
1310,2014-01-17 13:37:00,Kalami Kafenion,Vira Frente,105.32
1381,2014-01-18 13:28:00,Kalami Kafenion,Vira Frente,38.91
936,2014-01-14 13:35:00,Abila Zacharo,Willem Vasco-Pais,31.09
27,2014-01-06 08:16:00,Brew've Been Served,Willem Vasco-Pais,11.2
155,2014-01-07 08:09:00,Brew've Been Served,Willem Vasco-Pais,15.66
285,2014-01-08 08:09:00,Brew've Been Served,Willem Vasco-Pais,11.48
402,2014-01-09 07:57:00,Brew've Been Served,Willem Vasco-Pais,5.26
550,2014-01-10 08:20:00,Brew've Been Served,Willem Vasco-Pais,14.36
771,2014-01-13 08:00:00,Brew've Been Served,Willem Vasco-Pais,13.37
899,2014-01-14 08:13:00,Brew've Been Served,Willem Vasco-Pais,11.53
1018,2014-01-15 07:58:00,Brew've Been Served,Willem Vasco-Pais,5.75
1155,2014-01-16 08:23:00,Brew've Been Served,Willem Vasco-Pais,11.21
1285,2014-01-17 08:19:00,Brew've Been Served,Willem Vasco-Pais,14.58
846,2014-01-13 19:59:00,Frydos Autosupply n' More,Willem Vasco-Pais,64.6
318,2014-01-08 13:27:00,Gelatogalore,Willem Vasco-Pais,32.79
452,2014-01-09 13:35:00,Gelatogalore,Willem Vasco-Pais,23.23
587,2014-01-10 13:44:00,Guy's Gyros,Willem Vasco-Pais,38.15
829,2014-01-13 13:51:00,Guy's Gyros,Willem Vasco-Pais,21.03
1213,2014-01-16 13:55:00,Hippokampos,Willem Vasco-Pais,30.02
1061,2014-01-15 13:36:00,Kalami Kafenion,Willem Vasco-Pais,37.15
1326,2014-01-17 13:53:00,Kalami Kafenion,Willem Vasco-Pais,24.21
61,2014-01-06 13:28:00,Katerina’s Café,Willem Vasco-Pais,33.54
94,2014-01-06 18:56:00,Katerina’s Café,Willem Vasco-Pais,78.65
241,2014-01-07 20:18:00,Katerina’s Café,Willem Vasco-Pais,31.6
360,2014-01-08 20:00:00,Katerina’s Café,Willem Vasco-Pais,13.83
622,2014-01-10 20:09:00,Katerina’s Café,Willem Vasco-Pais,8.14
679,2014-01-11 19:52:00,Katerina’s Café,Willem Vasco-Pais,15.72
747,2014-01-12 20:17:00,Katerina’s Café,Willem Vasco-Pais,16.34
994,2014-01-14 20:50:00,Katerina’s Café,Willem Vasco-Pais,25.4
1110,2014-01-15 20:17:00,Katerina’s Café,Willem Vasco-Pais,29.33
1222,2014-01-16 18:49:00,Katerina’s Café,Willem Vasco-Pais,93.68
1387,2014-01-18 14:00:00,Katerina’s Café,Willem Vasco-Pais,37.26
1433,2014-01-18 20:04:00,Katerina’s Café,Willem Vasco-Pais,45.88
205,2014-01-07 13:50:00,Ouzeri Elian,Willem Vasco-Pais,21.85
